{
  "hash": "f722019d",
  "configHash": "552e986a",
  "lockfileHash": "00a3442d",
  "browserHash": "18310fdd",
  "optimized": {
    "@angular/core": {
      "src": "../../../../../../node_modules/@angular/core/fesm2022/core.mjs",
      "file": "@angular_core.js",
      "fileHash": "5d940b55",
      "needsInterop": false
    },
    "@angular/platform-browser": {
      "src": "../../../../../../node_modules/@angular/platform-browser/fesm2022/platform-browser.mjs",
      "file": "@angular_platform-browser.js",
      "fileHash": "fcc19c35",
      "needsInterop": false
    },
    "@angular/platform-server": {
      "src": "../../../../../../node_modules/@angular/platform-server/fesm2022/platform-server.mjs",
      "file": "@angular_platform-server.js",
      "fileHash": "dbde7ec2",
      "needsInterop": false
    },
    "@angular/router": {
      "src": "../../../../../../node_modules/@angular/router/fesm2022/router.mjs",
      "file": "@angular_router.js",
      "fileHash": "d932c100",
      "needsInterop": false
    },
    "@angular/ssr": {
      "src": "../../../../../../node_modules/@angular/ssr/fesm2022/ssr.mjs",
      "file": "@angular_ssr.js",
      "fileHash": "bbacea2a",
      "needsInterop": false
    },
    "@angular/ssr/node": {
      "src": "../../../../../../node_modules/@angular/ssr/fesm2022/node.mjs",
      "file": "@angular_ssr_node.js",
      "fileHash": "b58a53f1",
      "needsInterop": false
    },
    "express": {
      "src": "../../../../../../node_modules/express/index.js",
      "file": "express.js",
      "fileHash": "630c03ce",
      "needsInterop": true
    }
  },
  "chunks": {
    "chunk-HXIVUXL4": {
      "file": "chunk-HXIVUXL4.js"
    },
    "chunk-ZN6DQK3E": {
      "file": "chunk-ZN6DQK3E.js"
    },
    "chunk-T7OWHGMY": {
      "file": "chunk-T7OWHGMY.js"
    },
    "chunk-XOUNVIIB": {
      "file": "chunk-XOUNVIIB.js"
    },
    "chunk-QPSQRP52": {
      "file": "chunk-QPSQRP52.js"
    },
    "xhr2-TXIMV6CV": {
      "file": "xhr2-TXIMV6CV.js"
    },
    "chunk-YHCV7DAQ": {
      "file": "chunk-YHCV7DAQ.js"
    }
  }
}